INSERT INTO "public"."product_table" ("product_id", "product_brand", "product_category", "product_desc", "product_discount", "product_img", "product_medium_img", "product_name", "product_price", "product_quantity", "product_rating", "product_sub_category", "product_thumb_img", "user_id") VALUES ('1', 'UrbanFit', 'Men', 'High-quality cotton t-shirt designed for comfort and style.', '10%', 'https://iili.io/2khpVWb.jpg', 'https://iili.io/2khpVWb.md.jpg', 'Men's Cotton T-shirt', '29.99', '120', '4.5', 'Shirts', 'https://iili.io/2khpVWb.th.jpg', '2'), ('2', 'StyleCraft', 'Men', 'Stylish and breathable polo shirt perfect for any occasion.', '15%', 'https://iili.io/2khpMzu.jpg', 'https://iili.io/2khpMzu.md.jpg', 'Men's Polo Shirt', '34.99', '95', '4.2', 'Shirts', 'https://iili.io/2khpMzu.th.jpg', '4'), ('3', 'BoldThreads', 'Men', 'Comfortable and premium quality shirt for casual wear.', '20%', 'https://iili.io/2khpWsj.jpg', 'https://iili.io/2khpWsj.md.jpg', 'Men's Casual Shirt', '39.99', '80', '4.7', 'Shirts', 'https://iili.io/2khpWsj.th.jpg', '2'), ('4', 'CasualEase', 'Men', 'Classic and breathable shirt, great for daily wear.', '25%', 'https://iili.io/2khpEbe.jpg', 'https://iili.io/2khpEbe.md.jpg', 'Men's Classic Shirt', '45.99', '150', '4.6', 'Shirts', 'https://iili.io/2khpEbe.th.jpg', '4'), ('5', 'PeakTrend', 'Men', 'Modern and fit shirt made with premium materials for a perfect look.', '5%', 'https://iili.io/2khphqx.jpg', 'https://iili.io/2khphqx.md.jpg', 'Men's Premium Shirt', '49.99', '75', '4.8', 'Shirts', 'https://iili.io/2khphqx.th.jpg', '2'), ('6', 'AlphaFit', 'Men', 'Perfect for active wear, this shirt combines comfort and style.', '10%', 'https://iili.io/2khpj0Q.jpg', 'https://iili.io/2khpj0Q.md.jpg', 'Men's Active Shirt', '39.99', '100', '4.3', 'Shirts', 'https://iili.io/2khpj0Q.th.jpg', '4'), ('7', 'SportWave', 'Men', 'High-performance shirt for athletes, engineered for comfort.', '18%', 'https://iili.io/2khpwgV.jpg', 'https://iili.io/2khpwgV.md.jpg', 'Men's Sports Shirt', '44.99', '120', '4.6', 'Shirts', 'https://iili.io/2khpwgV.th.jpg', '2'), ('8', 'FashionEdge', 'Men', 'Trendy and fashionable shirt that brings out the best in you.', '12%', 'https://iili.io/2khpOdB.jpg', 'https://iili.io/2khpOdB.md.jpg', 'Men's Trendy Shirt', '32.99', '90', '4.4', 'Shirts', 'https://iili.io/2khpOdB.th.jpg', '4'), ('9', 'VogueCraft', 'Men', 'Stylish slim-fit shirt, a must-have for every modern wardrobe.', '8%', 'https://iili.io/2khpvmF.jpg', 'https://iili.io/2khpvmF.md.jpg', 'Men's Slim-Fit Shirt', '37.99', '110', '4.5', 'Shirts', 'https://iili.io/2khpvmF.th.jpg', '2'), ('10', 'ClassicThreads', 'Men', 'Comfortable and timeless shirt for everyday wear.', '20%', 'https://iili.io/2khpSzg.jpg', 'https://iili.io/2khpSzg.md.jpg', 'Men's Classic T-shirt', '29.99', '150', '4.3', 'Shirts', 'https://iili.io/2khpSzg.th.jpg', '4'), ('11', 'UrbanFit', 'Men', 'Breathable and ultra-comfortable t-shirt for workouts.', '10%', 'https://iili.io/2khpUXa.jpg', 'https://iili.io/2khpUXa.md.jpg', 'Men's Workout Shirt', '25.99', '130', '4.6', 'Shirts', 'https://iili.io/2khpUXa.th.jpg', '2'), ('12', 'StyleCraft', 'Men', 'Sleek and lightweight shirt ideal for evening events.', '15%', 'https://iili.io/2khpgLJ.jpg', 'https://iili.io/2khpgLJ.md.jpg', 'Men's Evening Shirt', '32.99', '100', '4.4', 'Shirts', 'https://iili.io/2khpgLJ.th.jpg', '4'), ('13', 'BoldThreads', 'Men', 'Comfortable shirt designed for long days at work.', '20%', 'https://iili.io/2khp61R.jpg', 'https://iili.io/2khp61R.md.jpg', 'Men's Work Shirt', '39.99', '85', '4.7', 'Shirts', 'https://iili.io/2khp61R.th.jpg', '2'), ('14', 'CasualEase', 'Men', 'A casual shirt that goes with almost anything.', '25%', 'https://iili.io/2khpPgp.jpg', 'https://iili.io/2khpPgp.md.jpg', 'Men's Everyday Shirt', '45.99', '110', '4.6', 'Shirts', 'https://iili.io/2khpPgp.th.jpg', '4'), ('15', 'PeakTrend', 'Men', 'Perfect for layering, this shirt offers premium comfort.', '5%', 'https://iili.io/2khpsdN.jpg', 'https://iili.io/2khpsdN.md.jpg', 'Men's Layered Shirt', '49.99', '90', '4.8', 'Shirts', 'https://iili.io/2khpsdN.th.jpg', '2'), ('16', 'AlphaFit', 'Men', 'Sporty and versatile shirt for outdoor adventures.', '10%', 'https://iili.io/2khpL7I.jpg', 'https://iili.io/2khpL7I.md.jpg', 'Men's Adventure Shirt', '39.99', '100', '4.3', 'Shirts', 'https://iili.io/2khpL7I.th.jpg', '4'), ('17', 'SportWave', 'Men', 'Athletic performance shirt for training and sports.', '18%', 'https://iili.io/2khpQet.jpg', 'https://iili.io/2khpQet.md.jpg', 'Men's Training Shirt', '44.99', '120', '4.6', 'Shirts', 'https://iili.io/2khpQet.th.jpg', '2'), ('18', 'FashionEdge', 'Men', 'Chic and trendy shirt with modern designs.', '12%', 'https://iili.io/2khpZmX.jpg', 'https://iili.io/2khpZmX.md.jpg', 'Men's Fashion Shirt', '32.99', '90', '4.4', 'Shirts', 'https://iili.io/2khpZmX.th.jpg', '4'), ('19', 'VogueCraft', 'Men', 'A sharp, tailored shirt perfect for formal settings.', '8%', 'https://iili.io/2khpDIn.jpg', 'https://iili.io/2khpDIn.md.jpg', 'Men's Formal Shirt', '37.99', '110', '4.5', 'Shirts', 'https://iili.io/2khpDIn.th.jpg', '2'), ('20', 'ClassicThreads', 'Men', 'Classic style, classic comfort, perfect for any occasion.', '20%', 'https://iili.io/2khpbXs.jpg', 'https://iili.io/2khpbXs.md.jpg', 'Men's Classic Comfort Shirt', '29.99', '150', '4.3', 'Shirts', 'https://iili.io/2khpbXs.th.jpg', '4'), ('21', 'UrbanFit', 'Men', 'Perfect blend of comfort and style for all-day wear.', '10%', 'https://iili.io/2khpmLG.jpg', 'https://iili.io/2khpmLG.md.jpg', 'Men's Comfort Fit Shirt', '29.99', '120', '4.5', 'Shirts', 'https://iili.io/2khpmLG.th.jpg', '2'), ('22', 'StyleCraft', 'Men', 'Made with lightweight fabric for ultimate comfort.', '15%', 'https://iili.io/2khpyBf.jpg', 'https://iili.io/2khpyBf.md.jpg', 'Men's Lightweight Shirt', '34.99', '95', '4.2', 'Shirts', 'https://iili.io/2khpyBf.th.jpg', '4'), ('23', 'BoldThreads', 'Men', 'An all-purpose shirt designed for work and play.', '20%', 'https://iili.io/2khy914.jpg', 'https://iili.io/2khy914.md.jpg', 'Men's All-Purpose Shirt', '39.99', '80', '4.7', 'Shirts', 'https://iili.io/2khy914.th.jpg', '2'), ('24', 'CasualEase', 'Men', 'Effortless style with breathable cotton fabric.', '25%', 'https://iili.io/2khyHrl.jpg', 'https://iili.io/2khyHrl.md.jpg', 'Men's Effortless Shirt', '45.99', '150', '4.6', 'Shirts', 'https://iili.io/2khyHrl.th.jpg', '4'), ('25', 'PeakTrend', 'Men', 'Smart and sophisticated, designed to make a statement.', '5%', 'https://iili.io/2khy27S.jpg', 'https://iili.io/2khy27S.md.jpg', 'Men's Statement Shirt', '49.99', '75', '4.8', 'Shirts', 'https://iili.io/2khy27S.th.jpg', '2'), ('26', 'UrbanFit', 'Men', 'Comfortable and trendy for casual or semi-formal settings.', '10%', 'https://iili.io/2khy3k7.jpg', 'https://iili.io/2khy3k7.md.jpg', 'Men's Casual T-shirt', '29.99', '120', '4.5', 'Shirts', 'https://iili.io/2khy3k7.th.jpg', '4'), ('27', 'StyleCraft', 'Men', 'Comfortable shirt with a relaxed fit for all-day wear.', '15%', 'https://iili.io/2khyFp9.jpg', 'https://iili.io/2khyFp9.md.jpg', 'Men's Relaxed Fit Shirt', '34.99', '95', '4.2', 'Shirts', 'https://iili.io/2khyFp9.th.jpg', '2'), ('28', 'BoldThreads', 'Men', 'Classic shirt with premium fabric for every occasion.', '20%', 'https://iili.io/2khyfIe.jpg', 'https://iili.io/2khyfIe.md.jpg', 'Men's Premium Classic Shirt', '39.99', '80', '4.7', 'Shirts', 'https://iili.io/2khyfIe.th.jpg', '4'), ('29', 'CasualEase', 'Men', 'Lightweight and breathable shirt perfect for summer.', '25%', 'https://iili.io/2khyqhu.jpg', 'https://iili.io/2khyqhu.md.jpg', 'Men's Summer Shirt', '45.99', '150', '4.6', 'Shirts', 'https://iili.io/2khyqhu.th.jpg', '2'), ('30', 'PeakTrend', 'Men', 'A stylish yet comfortable shirt for a modern wardrobe.', '5%', 'https://iili.io/2khyBLb.jpg', 'https://iili.io/2khyBLb.md.jpg', 'Men's Stylish Shirt', '49.99', '75', '4.8', 'Shirts', 'https://iili.io/2khyBLb.th.jpg', '4'), ('31', 'AlphaFit', 'Men', 'Versatile shirt designed for outdoor and athletic use.', '10%', 'https://iili.io/2khynBj.jpg', 'https://iili.io/2khynBj.md.jpg', 'Men's Outdoor Shirt', '39.99', '100', '4.3', 'Shirts', 'https://iili.io/2khynBj.th.jpg', '2'), ('32', 'SportWave', 'Men', 'Comfortable and stylish shirt perfect for leisure activities.', '18%', 'https://iili.io/2khyoEx.jpg', 'https://iili.io/2khyoEx.md.jpg', 'Men's Leisure Shirt', '44.99', '120', '4.6', 'Shirts', 'https://iili.io/2khyoEx.th.jpg', '4'), ('33', 'FashionEdge', 'Men', 'Casual yet fashionable, this shirt is a wardrobe essential.', '12%', 'https://iili.io/2khyI2V.jpg', 'https://iili.io/2khyI2V.md.jpg', 'Men's Casual Shirt', '32.99', '90', '4.4', 'Shirts', 'https://iili.io/2khyI2V.th.jpg', '2'), ('34', 'VogueCraft', 'Men', 'Sleek and stylish for formal or semi-formal events.', '8%', 'https://iili.io/2khyTYB.jpg', 'https://iili.io/2khyTYB.md.jpg', 'Men's Formal Shirt', '37.99', '110', '4.5', 'Shirts', 'https://iili.io/2khyTYB.th.jpg', '4'), ('35', 'ClassicThreads', 'Men', 'Comfortable and stylish shirt for everyday wear.', '20%', 'https://iili.io/2khyukP.jpg', 'https://iili.io/2khyukP.md.jpg', 'Men's Comfort Shirt', '29.99', '150', '4.3', 'Shirts', 'https://iili.io/2khyukP.th.jpg', '2'), ('36', 'UrbanFit', 'Men', 'Perfect fit for casual or evening wear.', '10%', 'https://iili.io/2khyAp1.jpg', 'https://iili.io/2khyAp1.md.jpg', 'Men's Casual Shirt', '29.99', '120', '4.5', 'Shirts', 'https://iili.io/2khyAp1.th.jpg', '4'), ('37', 'StyleCraft', 'Men', 'Classic shirt with modern designs, a must-have for every wardrobe.', '15%', 'https://iili.io/2khy5TF.jpg', 'https://iili.io/2khy5TF.md.jpg', 'Men's Modern Shirt', '34.99', '95', '4.2', 'Shirts', 'https://iili.io/2khy5TF.th.jpg', '2'), ('38', 'ShoeCraft', 'Women', 'Elegant and stylish shoes perfect for casual outings.', '10%', 'https://iili.io/2khdipS.jpg', 'https://iili.io/2khdipS.md.jpg', 'Women's Casual Shoes', '59.99', '100', '4.5', 'Shoes', 'https://iili.io/2khdipS.th.jpg', '2'), ('39', 'ElegantStep', 'Women', 'Comfortable heels with a modern design, ideal for office wear.', '15%', 'https://iili.io/2khdLT7.jpg', 'https://iili.io/2khdLT7.md.jpg', 'Women's Office Heels', '79.99', '80', '4.3', 'Shoes', 'https://iili.io/2khdLT7.th.jpg', '4'), ('40', 'TrendyWalk', 'Women', 'Chic and trendy sneakers for daily comfort and style.', '20%', 'https://iili.io/2khdZQe.jpg', 'https://iili.io/2khdZQe.md.jpg', 'Women's Trendy Sneakers', '49.99', '120', '4.6', 'Shoes', 'https://iili.io/2khdZQe.th.jpg', '2'), ('41', 'StepJoy', 'Women', 'Classic sandals with a comfortable fit for any occasion.', '25%', 'https://iili.io/2khdDCu.jpg', 'https://iili.io/2khdDCu.md.jpg', 'Women's Classic Sandals', '39.99', '150', '4.2', 'Shoes', 'https://iili.io/2khdDCu.th.jpg', '4'), ('42', 'ShoeCraft', 'Women', 'Durable and stylish boots for the colder seasons.', '5%', 'https://iili.io/2khdm4j.jpg', 'https://iili.io/2khdm4j.md.jpg', 'Women's Winter Boots', '89.99', '90', '4.8', 'Shoes', 'https://iili.io/2khdm4j.th.jpg', '2'), ('43', 'ElegantStep', 'Women', 'Exquisite flats designed for all-day wear and comfort.', '10%', 'https://iili.io/2khdy3x.jpg', 'https://iili.io/2khdy3x.md.jpg', 'Women's Comfort Flats', '39.99', '110', '4.4', 'Shoes', 'https://iili.io/2khdy3x.th.jpg', '4'), ('44', 'TrendyWalk', 'Women', 'Athletic shoes designed for high-performance activities.', '18%', 'https://iili.io/2kh2HvV.jpg', 'https://iili.io/2kh2HvV.md.jpg', 'Women's Athletic Shoes', '64.99', '120', '4.6', 'Shoes', 'https://iili.io/2kh2HvV.th.jpg', '2'), ('45', 'StepJoy', 'Women', 'Lightweight sandals perfect for beach days and warm weather.', '12%', 'https://iili.io/2kh2JyB.jpg', 'https://iili.io/2kh2JyB.md.jpg', 'Women's Beach Sandals', '29.99', '130', '4.3', 'Shoes', 'https://iili.io/2kh2JyB.th.jpg', '4'), ('46', 'ShoeCraft', 'Women', 'Trendy slip-on shoes with an elegant design for daily use.', '20%', 'https://iili.io/2kh22TP.jpg', 'https://iili.io/2kh22TP.md.jpg', 'Women's Slip-on Shoes', '49.99', '100', '4.7', 'Shoes', 'https://iili.io/2kh22TP.th.jpg', '2'), ('47', 'ElegantStep', 'Women', 'Stylish wedges with a modern edge, great for casual wear.', '8%', 'https://iili.io/2kh23j1.jpg', 'https://iili.io/2kh23j1.md.jpg', 'Women's Wedge Shoes', '59.99', '90', '4.4', 'Shoes', 'https://iili.io/2kh23j1.th.jpg', '4'), ('48', 'TrendyWalk', 'Women', 'Comfortable sneakers with a fashionable flair, ideal for all-day wear.', '15%', 'https://iili.io/2kh2FZF.jpg', 'https://iili.io/2kh2FZF.md.jpg', 'Women's Stylish Sneakers', '54.99', '110', '4.5', 'Shoes', 'https://iili.io/2kh2FZF.th.jpg', '2'), ('49', 'StepJoy', 'Women', 'Classic boots that are versatile and perfect for any season.', '10%', 'https://iili.io/2kh2fCg.jpg', 'https://iili.io/2kh2fCg.md.jpg', 'Women's Classic Boots', '79.99', '80', '4.6', 'Shoes', 'https://iili.io/2kh2fCg.th.jpg', '4'), ('50', 'ShoeCraft', 'Women', 'High-quality heels for formal events and special occasions.', '20%', 'https://iili.io/2kh2qGa.jpg', 'https://iili.io/2kh2qGa.md.jpg', 'Women's Formal Heels', '99.99', '60', '4.7', 'Shoes', 'https://iili.io/2kh2qGa.th.jpg', '2'), ('51', 'ElegantStep', 'Women', 'Comfortable platform shoes with an elegant touch.', '12%', 'https://iili.io/2kh2B6J.jpg', 'https://iili.io/2kh2B6J.md.jpg', 'Women's Platform Shoes', '69.99', '110', '4.5', 'Shoes', 'https://iili.io/2kh2B6J.th.jpg', '4'), ('52', 'TrendyWalk', 'Women', 'Stylish booties that are perfect for autumn and winter seasons.', '18%', 'https://iili.io/2kh2n3v.jpg', 'https://iili.io/2kh2n3v.md.jpg', 'Women's Autumn Booties', '79.99', '90', '4.6', 'Shoes', 'https://iili.io/2kh2n3v.th.jpg', '2'), ('53', 'StepJoy', 'Women', 'Elegant stilettos designed for evening events and parties.', '25%', 'https://iili.io/2kh2oaR.jpg', 'https://iili.io/2kh2oaR.md.jpg', 'Women's Stiletto Heels', '109.99', '80', '4.8', 'Shoes', 'https://iili.io/2kh2oaR.th.jpg', '4'), ('54', 'ShoeCraft', 'Women', 'Comfortable moccasins for casual days out with a chic look.', '10%', 'https://iili.io/2kh2xvp.jpg', 'https://iili.io/2kh2xvp.md.jpg', 'Women's Moccasins', '39.99', '120', '4.4', 'Shoes', 'https://iili.io/2kh2xvp.th.jpg', '2'), ('55', 'ElegantStep', 'Women', 'Smart flats with a modern design for a professional look.', '15%', 'https://iili.io/2kh2zyN.jpg', 'https://iili.io/2kh2zyN.md.jpg', 'Women's Professional Flats', '49.99', '95', '4.3', 'Shoes', 'https://iili.io/2kh2zyN.th.jpg', '4'), ('56', 'TrendyWalk', 'Women', 'Casual sneakers with a sporty look, designed for active wear.', '20%', 'https://iili.io/2kh2TuI.jpg', 'https://iili.io/2kh2TuI.md.jpg', 'Women's Active Sneakers', '54.99', '130', '4.6', 'Shoes', 'https://iili.io/2kh2TuI.th.jpg', '2'), ('57', 'StepJoy', 'Women', 'Classic ballet flats for all-day comfort and style.', '8%', 'https://iili.io/2kh2ujt.jpg', 'https://iili.io/2kh2ujt.md.jpg', 'Women's Ballet Flats', '39.99', '110', '4.4', 'Shoes', 'https://iili.io/2kh2ujt.th.jpg', '4'), ('58', 'ShoeCraft', 'Women', 'Elegant kitten heels that are perfect for a formal look.', '10%', 'https://iili.io/2kh2AZX.jpg', 'https://iili.io/2kh2AZX.md.jpg', 'Women's Kitten Heels', '59.99', '100', '4.5', 'Shoes', 'https://iili.io/2kh2AZX.th.jpg', '2'), ('59', 'ElegantStep', 'Women', 'Trendy slip-on loafers with a comfortable and relaxed fit.', '15%', 'https://iili.io/2kh25nn.jpg', 'https://iili.io/2kh25nn.md.jpg', 'Women's Loafers', '49.99', '90', '4.2', 'Shoes', 'https://iili.io/2kh25nn.th.jpg', '4'), ('60', 'TrendyWalk', 'Women', 'Sporty and casual slip-on shoes with a modern look.', '20%', 'https://iili.io/2kh27Gs.jpg', 'https://iili.io/2kh27Gs.md.jpg', 'Women's Casual Slip-ons', '39.99', '110', '4.5', 'Shoes', 'https://iili.io/2kh27Gs.th.jpg', '2'), ('61', 'StepJoy', 'Women', 'Classy pumps designed for formal events and special occasions.', '25%', 'https://iili.io/2kh2Y6G.jpg', 'https://iili.io/2kh2Y6G.md.jpg', 'Women's Pumps', '89.99', '80', '4.6', 'Shoes', 'https://iili.io/2kh2Y6G.th.jpg', '4'), ('62', 'ShoeCraft', 'Women', 'High-performance running shoes with extra cushioning for comfort.', '10%', 'https://iili.io/2kh2la4.jpg', 'https://iili.io/2kh2la4.md.jpg', 'Women's Running Shoes', '74.99', '90', '4.7', 'Shoes', 'https://iili.io/2kh2la4.th.jpg', '2'), ('63', 'ElegantStep', 'Women', 'Chic ankle boots for a stylish yet practical look.', '12%', 'https://iili.io/2kh208l.jpg', 'https://iili.io/2kh208l.md.jpg', 'Women's Ankle Boots', '69.99', '100', '4.5', 'Shoes', 'https://iili.io/2kh208l.th.jpg', '4'), ('64', 'TrendyWalk', 'Women', 'Casual loafers with a sleek design for easy and comfortable wear.', '20%', 'https://iili.io/2kh2Mw7.jpg', 'https://iili.io/2kh2Mw7.md.jpg', 'Women's Casual Loafers', '49.99', '80', '4.6', 'Shoes', 'https://iili.io/2kh2Mw7.th.jpg', '2'), ('65', 'StepJoy', 'Women', 'Classic slip-on moccasins perfect for relaxed days out.', '8%', 'https://iili.io/2kh2Vt9.jpg', 'https://iili.io/2kh2Vt9.md.jpg', 'Women's Moccasins', '39.99', '110', '4.4', 'Shoes', 'https://iili.io/2kh2Vt9.th.jpg', '4'), ('66', 'ShoeCraft', 'Women', 'Trendy wedges for both casual and semi-formal occasions.', '10%', 'https://iili.io/2kh2j6b.jpg', 'https://iili.io/2kh2j6b.md.jpg', 'Women's Wedge Shoes', '59.99', '120', '4.6', 'Shoes', 'https://iili.io/2kh2j6b.th.jpg', '2'), ('67', 'ElegantStep', 'Women', 'Comfortable block heels that are ideal for all-day wear.', '15%', 'https://iili.io/2kh2NFj.jpg', 'https://iili.io/2kh2NFj.md.jpg', 'Women's Block Heels', '69.99', '90', '4.5', 'Shoes', 'https://iili.io/2kh2NFj.th.jpg', '4'), ('68', 'TrendyWalk', 'Women', 'Chic booties with a modern touch, great for any casual outfit.', '20%', 'https://iili.io/2kh2Ocx.jpg', 'https://iili.io/2kh2Ocx.md.jpg', 'Women's Casual Booties', '79.99', '100', '4.6', 'Shoes', 'https://iili.io/2kh2Ocx.th.jpg', '2'), ('69', 'StepJoy', 'Women', 'Elegant platform shoes for a sophisticated look.', '12%', 'https://iili.io/2kh2e8Q.jpg', 'https://iili.io/2kh2e8Q.md.jpg', 'Women's Platform Shoes', '79.99', '90', '4.4', 'Shoes', 'https://iili.io/2kh2e8Q.th.jpg', '4'), ('70', 'ShoeCraft', 'Women', 'Sporty and stylish sneakers designed for active lifestyles.', '10%', 'https://iili.io/2kh28AB.jpg', 'https://iili.io/2kh28AB.md.jpg', 'Women's Sport Sneakers', '59.99', '110', '4.6', 'Shoes', 'https://iili.io/2kh28AB.th.jpg', '2'), ('71', 'ShoeCraft', 'Men', 'Stylish leather shoes with a modern look for everyday wear.', '10%', 'https://iili.io/2kXK2ON.jpg', 'https://iili.io/2kXK2ON.md.jpg', 'Men's Leather Shoes', '79.99', '100', '4.5', 'Shoes', 'https://iili.io/2kXK2ON.th.jpg', '2'), ('72', 'ElegantStep', 'Men', 'Formal shoes designed for office wear and business events.', '15%', 'https://iili.io/2kXKJJR.jpg', 'https://iili.io/2kXKJJR.md.jpg', 'Men's Formal Shoes', '89.99', '80', '4.6', 'Shoes', 'https://iili.io/2kXKJJR.th.jpg', '4'), ('73', 'TrendyWalk', 'Men', 'Casual sneakers with a sleek design for active wear.', '20%', 'https://iili.io/2kXK9Uv.jpg', 'https://iili.io/2kXK9Uv.md.jpg', 'Men's Casual Sneakers', '59.99', '120', '4.4', 'Shoes', 'https://iili.io/2kXK9Uv.th.jpg', '2'), ('74', 'StepJoy', 'Men', 'Comfortable running shoes for high-performance activities.', '12%', 'https://iili.io/2kXKdRp.jpg', 'https://iili.io/2kXKdRp.md.jpg', 'Men's Running Shoes', '69.99', '100', '4.7', 'Shoes', 'https://iili.io/2kXKdRp.th.jpg', '4'), ('75', 'ShoeCraft', 'Men', 'Classic boots with a durable design for outdoor adventures.', '5%', 'https://iili.io/2kXKn0G.jpg', 'https://iili.io/2kXKn0G.md.jpg', 'Men's Outdoor Boots', '99.99', '90', '4.8', 'Shoes', 'https://iili.io/2kXKn0G.th.jpg', '2'), ('76', 'ElegantStep', 'Men', 'Chic loafers perfect for a relaxed yet stylish look.', '10%', 'https://iili.io/2kXKfWX.jpg', 'https://iili.io/2kXKfWX.md.jpg', 'Men's Loafers', '59.99', '110', '4.3', 'Shoes', 'https://iili.io/2kXKfWX.th.jpg', '4'), ('77', 'TrendyWalk', 'Men', 'Stylish slip-on shoes with a modern twist for casual outings.', '15%', 'https://iili.io/2kXKqsn.jpg', 'https://iili.io/2kXKqsn.md.jpg', 'Men's Slip-on Shoes', '49.99', '130', '4.5', 'Shoes', 'https://iili.io/2kXKqsn.th.jpg', '2'), ('78', 'StepJoy', 'Men', 'Athletic shoes designed for both comfort and performance.', '18%', 'https://iili.io/2kXKCfs.jpg', 'https://iili.io/2kXKCfs.md.jpg', 'Men's Athletic Shoes', '79.99', '120', '4.6', 'Shoes', 'https://iili.io/2kXKCfs.th.jpg', '4'), ('79', 'ShoeCraft', 'Men', 'Casual boat shoes perfect for summer and beach outings.', '10%', 'https://iili.io/2kXKzJ4.jpg', 'https://iili.io/2kXKzJ4.md.jpg', 'Men's Boat Shoes', '59.99', '100', '4.4', 'Shoes', 'https://iili.io/2kXKzJ4.th.jpg', '2'), ('80', 'ElegantStep', 'Men', 'Smart dress shoes for formal occasions and business meetings.', '20%', 'https://iili.io/2kXKI5l.jpg', 'https://iili.io/2kXKI5l.md.jpg', 'Men's Dress Shoes', '89.99', '80', '4.6', 'Shoes', 'https://iili.io/2kXKI5l.th.jpg', '4'), ('81', 'TrendyWalk', 'Men', 'Comfortable moccasins for an effortless casual look.', '12%', 'https://iili.io/2kXKTe2.jpg', 'https://iili.io/2kXKTe2.md.jpg', 'Men's Moccasins', '49.99', '120', '4.5', 'Shoes', 'https://iili.io/2kXKTe2.th.jpg', '2'), ('82', 'StepJoy', 'Men', 'Stylish Chelsea boots that complement both casual and formal wear.', '15%', 'https://iili.io/2kXKubS.jpg', 'https://iili.io/2kXKubS.md.jpg', 'Men's Chelsea Boots', '79.99', '90', '4.6', 'Shoes', 'https://iili.io/2kXKubS.th.jpg', '4'), ('83', 'ShoeCraft', 'Men', 'High-performance cross-trainers for gym and fitness activities.', '10%', 'https://iili.io/2kXKRz7.jpg', 'https://iili.io/2kXKRz7.md.jpg', 'Men's Cross Trainers', '69.99', '100', '4.5', 'Shoes', 'https://iili.io/2kXKRz7.th.jpg', '2'), ('84', 'ElegantStep', 'Men', 'Fashion-forward desert boots with a rugged yet refined look.', '18%', 'https://iili.io/2kXKaqu.jpg', 'https://iili.io/2kXKaqu.md.jpg', 'Men's Desert Boots', '79.99', '90', '4.7', 'Shoes', 'https://iili.io/2kXKaqu.th.jpg', '4'), ('85', 'TrendyWalk', 'Men', 'Comfortable slip-on sneakers for an easy-going casual style.', '10%', 'https://iili.io/2kXKc0b.jpg', 'https://iili.io/2kXKc0b.md.jpg', 'Men's Slip-on Sneakers', '59.99', '120', '4.3', 'Shoes', 'https://iili.io/2kXKc0b.th.jpg', '2'), ('86', 'StepJoy', 'Men', 'Versatile chukka boots perfect for both casual and semi-formal occasions.', '12%', 'https://iili.io/2kXKlgj.jpg', 'https://iili.io/2kXKlgj.md.jpg', 'Men's Chukka Boots', '89.99', '100', '4.6', 'Shoes', 'https://iili.io/2kXKlgj.th.jpg', '4'), ('87', 'ShoeCraft', 'Men', 'Durable hiking boots designed for outdoor adventures and exploration.', '15%', 'https://iili.io/2kXKE5Q.jpg', 'https://iili.io/2kXKE5Q.md.jpg', 'Men's Hiking Boots', '109.99', '90', '4.8', 'Shoes', 'https://iili.io/2kXKE5Q.th.jpg', '2'), ('88', 'ElegantStep', 'Men', 'Casual sneakers with a modern look, perfect for everyday use.', '10%', 'https://iili.io/2kXKMmB.jpg', 'https://iili.io/2kXKMmB.md.jpg', 'Men's Everyday Sneakers', '59.99', '110', '4.5', 'Shoes', 'https://iili.io/2kXKMmB.th.jpg', '4'), ('89', 'TrendyWalk', 'Men', 'Elegant oxford shoes for formal events and professional settings.', '8%', 'https://iili.io/2kXg8SR.jpg', 'https://iili.io/2kXg8SR.md.jpg', 'Men's Oxford Shoes', '79.99', '100', '4.6', 'Shoes', 'https://iili.io/2kXg8SR.th.jpg', '2'), ('90', 'StepJoy', 'Men', 'Trendy sneakers designed for both comfort and style.', '20%', 'https://iili.io/2kXgvcv.jpg', 'https://iili.io/2kXgvcv.md.jpg', 'Men's Trendy Sneakers', '69.99', '110', '4.4', 'Shoes', 'https://iili.io/2kXgvcv.th.jpg', '4'), ('91', 'ShoeCraft', 'Men', 'Rugged combat boots that are perfect for a bold look.', '10%', 'https://iili.io/2kXgOPa.jpg', 'https://iili.io/2kXgOPa.md.jpg', 'Men's Combat Boots', '89.99', '80', '4.7', 'Shoes', 'https://iili.io/2kXgOPa.th.jpg', '2'), ('92', 'ElegantStep', 'Men', 'Comfortable slip-on loafers for a relaxed yet refined style.', '12%', 'https://iili.io/2kXgkKJ.jpg', 'https://iili.io/2kXgkKJ.md.jpg', 'Men's Loafers', '59.99', '120', '4.5', 'Shoes', 'https://iili.io/2kXgkKJ.th.jpg', '4'), ('93', 'TrendyWalk', 'Men', 'Casual slip-on boots that provide both comfort and a stylish appearance.', '15%', 'https://iili.io/2kXgU9p.jpg', 'https://iili.io/2kXgU9p.md.jpg', 'Men's Casual Boots', '79.99', '110', '4.6', 'Shoes', 'https://iili.io/2kXgU9p.th.jpg', '2'), ('94', 'StepJoy', 'Men', 'Lightweight sport shoes for running and fitness activities.', '10%', 'https://iili.io/2kXggAN.jpg', 'https://iili.io/2kXggAN.md.jpg', 'Men's Sport Shoes', '69.99', '100', '4.5', 'Shoes', 'https://iili.io/2kXggAN.th.jpg', '4'), ('95', 'ShoeCraft', 'Men', 'Chic driving moccasins that provide both style and comfort.', '5%', 'https://iili.io/2kXgrNI.jpg', 'https://iili.io/2kXgrNI.md.jpg', 'Men's Driving Moccasins', '59.99', '120', '4.4', 'Shoes', 'https://iili.io/2kXgrNI.th.jpg', '2'), ('96', 'ElegantStep', 'Men', 'Relaxed slip-on shoes ideal for the summer season.', '12%', 'https://iili.io/2kXg4tt.jpg', 'https://iili.io/2kXg4tt.md.jpg', 'Men's Summer Slip-ons', '49.99', '100', '4.3', 'Shoes', 'https://iili.io/2kXg4tt.th.jpg', '4'), ('97', 'TrendyWalk', 'Men', 'Versatile sneakers designed for both casual and athletic use.', '10%', 'https://iili.io/2kXgsPs.jpg', 'https://iili.io/2kXgsPs.md.jpg', 'Men's Versatile Sneakers', '69.99', '110', '4.6', 'Shoes', 'https://iili.io/2kXgsPs.th.jpg', '2'), ('98', 'StepJoy', 'Men', 'Premium leather shoes that combine elegance with comfort.', '15%', 'https://iili.io/2kXgZlf.jpg', 'https://iili.io/2kXgZlf.md.jpg', 'Men's Premium Leather Shoes', '99.99', '90', '4.8', 'Shoes', 'https://iili.io/2kXgZlf.th.jpg', '4'), ('99', 'ShoeCraft', 'Men', 'Rugged hiking shoes designed for the toughest trails.', '18%', 'https://iili.io/2kXgtS4.jpg', 'https://iili.io/2kXgtS4.md.jpg', 'Men's Hiking Shoes', '79.99', '100', '4.7', 'Shoes', 'https://iili.io/2kXgtS4.th.jpg', '2'), ('100', 'ElegantStep', 'Men', 'Stylish work boots for professional environments.', '8%', 'https://iili.io/2kXgbHl.jpg', 'https://iili.io/2kXgbHl.md.jpg', 'Men's Work Boots', '89.99', '110', '4.6', 'Shoes', 'https://iili.io/2kXgbHl.th.jpg', '4'), ('101', 'TrendyWalk', 'Men', 'Comfortable sneakers designed for everyday comfort and durability.', '10%', 'https://iili.io/2kXgpNS.jpg', 'https://iili.io/2kXgpNS.md.jpg', 'Men's Everyday Sneakers', '69.99', '120', '4.5', 'Shoes', 'https://iili.io/2kXgpNS.th.jpg', '2'), ('102', 'StepJoy', 'Men', 'Classic desert boots for a stylish and practical look.', '12%', 'https://iili.io/2kXgyD7.jpg', 'https://iili.io/2kXgyD7.md.jpg', 'Men's Desert Boots', '79.99', '100', '4.6', 'Shoes', 'https://iili.io/2kXgyD7.th.jpg', '4'), ('103', 'ShoeCraft', 'Men', 'Trendy sneakers designed for both athletic and casual activities.', '10%', 'https://iili.io/2kXrHx9.jpg', 'https://iili.io/2kXrHx9.md.jpg', 'Men's Trendy Sneakers', '59.99', '110', '4.4', 'Shoes', 'https://iili.io/2kXrHx9.th.jpg', '2'), ('104', 'ElegantStep', 'Men', 'Chic lace-up shoes with a modern design for everyday wear.', '15%', 'https://iili.io/2kXrJVe.jpg', 'https://iili.io/2kXrJVe.md.jpg', 'Men's Lace-up Shoes', '69.99', '90', '4.6', 'Shoes', 'https://iili.io/2kXrJVe.th.jpg', '4'), ('105', 'TrendyWalk', 'Men', 'Stylish slip-on shoes that provide comfort and elegance.', '20%', 'https://iili.io/2kXrdiu.jpg', 'https://iili.io/2kXrdiu.md.jpg', 'Men's Slip-on Shoes', '49.99', '100', '4.5', 'Shoes', 'https://iili.io/2kXrdiu.th.jpg', '2'), ('106', 'StepJoy', 'Men', 'Rugged boots for outdoor exploration and adventure.', '12%', 'https://iili.io/2kXr3Kb.jpg', 'https://iili.io/2kXr3Kb.md.jpg', 'Men's Outdoor Boots', '89.99', '100', '4.7', 'Shoes', 'https://iili.io/2kXr3Kb.th.jpg', '4'), ('107', 'ShoeCraft', 'Men', 'Premium sneakers with a sporty design for active lifestyles.', '10%', 'https://iili.io/2kXrFlj.jpg', 'https://iili.io/2kXrFlj.md.jpg', 'Men's Premium Sneakers', '79.99', '110', '4.6', 'Shoes', 'https://iili.io/2kXrFlj.th.jpg', '2'), ('108', 'ElegantStep', 'Men', 'Casual slip-on shoes for easygoing days and comfort.', '12%', 'https://iili.io/2kXrKUx.jpg', 'https://iili.io/2kXrKUx.md.jpg', 'Men's Casual Slip-ons', '59.99', '120', '4.4', 'Shoes', 'https://iili.io/2kXrKUx.th.jpg', '4'), ('109', 'ChicStyle', 'Women', 'Elegant formal dress suitable for office and events.', '10%', 'https://iili.io/2kwlaLP.jpg', 'https://iili.io/2kwlaLP.md.jpg', 'Elegant Office Dress', '129.99', '50', '4.5', 'Dress', 'https://iili.io/2kwlaLP.th.jpg', '2'), ('110', 'FeminineGrace', 'Women', 'Casual summer dress perfect for a day out.', '15%', 'https://iili.io/2kwllB1.jpg', 'https://iili.io/2kwllB1.md.jpg', 'Casual Summer Dress', '79.99', '80', '4.7', 'Dress', 'https://iili.io/2kwllB1.th.jpg', '4'), ('111', 'ElegantVibe', 'Women', 'Classy cocktail dress for evening parties.', '20%', 'https://iili.io/2kwlYhB.jpg', 'https://iili.io/2kwlYhB.md.jpg', 'Cocktail Party Dress', '99.99', '60', '4.6', 'Dress', 'https://iili.io/2kwlYhB.th.jpg', '2'), ('112', 'VividChic', 'Women', 'Floral dress perfect for spring and summer events.', '12%', 'https://iili.io/2kwl1rg.jpg', 'https://iili.io/2kwl1rg.md.jpg', 'Floral Spring Dress', '89.99', '70', '4.5', 'Dress', 'https://iili.io/2kwl1rg.th.jpg', '4'), ('113', 'GracefulFit', 'Women', 'Sleek evening dress for formal galas and events.', '10%', 'https://iili.io/2kwlG2a.jpg', 'https://iili.io/2kwlG2a.md.jpg', 'Evening Gala Dress', '149.99', '40', '4.8', 'Dress', 'https://iili.io/2kwlG2a.th.jpg', '2'), ('114', 'ChicEssence', 'Women', 'Comfortable bodycon dress for everyday wear.', '8%', 'https://iili.io/2kwlMYJ.jpg', 'https://iili.io/2kwlMYJ.md.jpg', 'Bodycon Everyday Dress', '59.99', '90', '4.3', 'Dress', 'https://iili.io/2kwlMYJ.th.jpg', '4'), ('115', 'TrendyFlair', 'Women', 'Stylish mini dress with modern prints for a fun look.', '15%', 'https://iili.io/2kwlVkv.jpg', 'https://iili.io/2kwlVkv.md.jpg', 'Mini Print Dress', '49.99', '110', '4.5', 'Dress', 'https://iili.io/2kwlVkv.th.jpg', '2'), ('116', 'SophisticatedWear', 'Women', 'Elegant long dress perfect for evening events.', '10%', 'https://iili.io/2kwlWpR.jpg', 'https://iili.io/2kwlWpR.md.jpg', 'Long Elegant Dress', '129.99', '50', '4.7', 'Dress', 'https://iili.io/2kwlWpR.th.jpg', '4'), ('117', 'ChicFusion', 'Women', 'Casual fit dress with a stylish flair for a day out.', '18%', 'https://iili.io/2kwlwQI.jpg', 'https://iili.io/2kwlwQI.md.jpg', 'Casual Fit Dress', '69.99', '100', '4.4', 'Dress', 'https://iili.io/2kwlwQI.th.jpg', '2'), ('118', 'VibrantCharm', 'Women', 'Simple dress with a charming cut for everyday elegance.', '12%', 'https://iili.io/2kwleEX.jpg', 'https://iili.io/2kwleEX.md.jpg', 'Charming Everyday Dress', '79.99', '90', '4.6', 'Dress', 'https://iili.io/2kwleEX.th.jpg', '4'), ('119', 'ModernFlair', 'Women', 'Sleek midi dress with clean lines for a professional look.', '10%', 'https://iili.io/2kwljhN.jpg', 'https://iili.io/2kwljhN.md.jpg', 'Midi Professional Dress', '109.99', '60', '4.7', 'Dress', 'https://iili.io/2kwljhN.th.jpg', '2'), ('120', 'FeminineTouch', 'Women', 'Casual slip-on dress for comfortable wear all day long.', '5%', 'https://iili.io/2kwlOBt.jpg', 'https://iili.io/2kwlOBt.md.jpg', 'Slip-on Casual Dress', '59.99', '110', '4.4', 'Dress', 'https://iili.io/2kwlOBt.th.jpg', '4'), ('121', 'ModernElegance', 'Women', 'Trendy dress with unique patterns for the fashion-forward woman.', '8%', 'https://iili.io/2kwlk4n.jpg', 'https://iili.io/2kwlk4n.md.jpg', 'Trendy Pattern Dress', '69.99', '120', '4.5', 'Dress', 'https://iili.io/2kwlk4n.th.jpg', '2'), ('122', 'ChicAppeal', 'Women', 'Elegant off-shoulder dress ideal for parties and gatherings.', '15%', 'https://iili.io/2kwlSYG.jpg', 'https://iili.io/2kwlSYG.md.jpg', 'Off-Shoulder Party Dress', '119.99', '80', '4.6', 'Dress', 'https://iili.io/2kwlSYG.th.jpg', '4'), ('123', 'GlamourTouch', 'Women', 'Classic red dress perfect for evening events.', '20%', 'https://iili.io/2kwl82s.jpg', 'https://iili.io/2kwl82s.md.jpg', 'Classic Red Dress', '99.99', '60', '4.7', 'Dress', 'https://iili.io/2kwl82s.th.jpg', '2'), ('124', 'RefinedStyle', 'Women', 'Simple yet sophisticated dress for a polished look.', '12%', 'https://iili.io/2kwlUvf.jpg', 'https://iili.io/2kwlUvf.md.jpg', 'Refined Midi Dress', '89.99', '70', '4.6', 'Dress', 'https://iili.io/2kwlUvf.th.jpg', '4'), ('125', 'SophisticatedLook', 'Women', 'Dress with intricate details for formal events.', '10%', 'https://iili.io/2kwl4Tl.jpg', 'https://iili.io/2kwl4Tl.md.jpg', 'Intricate Detail Dress', '129.99', '50', '4.8', 'Dress', 'https://iili.io/2kwl4Tl.th.jpg', '2'), ('126', 'ChicTrends', 'Women', 'Boho style dress with free-flowing fabric for a relaxed feel.', '15%', 'https://iili.io/2kwl6j2.jpg', 'https://iili.io/2kwl6j2.md.jpg', 'Boho Flowing Dress', '79.99', '80', '4.5', 'Dress', 'https://iili.io/2kwl6j2.th.jpg', '4'), ('127', 'VibrantVibe', 'Women', 'Colorful and fun dress for weekend parties.', '10%', 'https://iili.io/2kwlPQS.jpg', 'https://iili.io/2kwlPQS.md.jpg', 'Weekend Party Dress', '69.99', '90', '4.4', 'Dress', 'https://iili.io/2kwlPQS.th.jpg', '2'), ('128', 'UrbanChic', 'Women', 'Stylish dress with modern touches for a chic look.', '12%', 'https://iili.io/2kwlsC7.jpg', 'https://iili.io/2kwlsC7.md.jpg', 'Urban Chic Dress', '89.99', '100', '4.6', 'Dress', 'https://iili.io/2kwlsC7.th.jpg', '4'), ('129', 'StylishAura', 'Women', 'Elegant dress for dinner parties and formal events.', '15%', 'https://iili.io/2kwlLG9.jpg', 'https://iili.io/2kwlLG9.md.jpg', 'Dinner Party Dress', '109.99', '70', '4.7', 'Dress', 'https://iili.io/2kwlLG9.th.jpg', '2'), ('130', 'GlamorousEdge', 'Women', 'Classic black dress perfect for formal occasions.', '10%', 'https://iili.io/2kwlQ4e.jpg', 'https://iili.io/2kwlQ4e.md.jpg', 'Classic Black Dress', '129.99', '60', '4.8', 'Dress', 'https://iili.io/2kwlQ4e.th.jpg', '4'), ('131', 'TrendyVibes', 'Women', 'Vibrant and trendy dress for casual outings.', '5%', 'https://iili.io/2kwlt3u.jpg', 'https://iili.io/2kwlt3u.md.jpg', 'Trendy Vibrant Dress', '79.99', '100', '4.5', 'Dress', 'https://iili.io/2kwlt3u.th.jpg', '2'), ('132', 'FashionForward', 'Women', 'Dress with a bold pattern for the bold fashionista.', '20%', 'https://iili.io/2kwlDYb.jpg', 'https://iili.io/2kwlDYb.md.jpg', 'Bold Pattern Dress', '99.99', '80', '4.6', 'Dress', 'https://iili.io/2kwlDYb.th.jpg', '4'), ('133', 'VividStyle', 'Women', 'Chic dress with an elegant cut and design for formal occasions.', '10%', 'https://iili.io/2kwlbvj.jpg', 'https://iili.io/2kwlbvj.md.jpg', 'Elegant Chic Dress', '119.99', '60', '4.7', 'Dress', 'https://iili.io/2kwlbvj.th.jpg', '2'), ('134', 'RefinedLook', 'Women', 'Simple and stylish dress perfect for day-to-day wear.', '15%', 'https://iili.io/2kwlmyx.jpg', 'https://iili.io/2kwlmyx.md.jpg', 'Stylish Daily Dress', '69.99', '90', '4.5', 'Dress', 'https://iili.io/2kwlmyx.th.jpg', '4'), ('135', 'TrendyWear', 'Men', 'Comfortable casual pants for everyday wear.', '10%', 'https://iili.io/2kkAFKg.jpg', 'https://iili.io/2kkAFKg.md.jpg', 'Casual Everyday Pants', '49.99', '100', '4.5', 'Pants', 'https://iili.io/2kkAFKg.th.jpg', '2'), ('136', 'UrbanStyle', 'Men', 'Slim-fit pants for a modern look.', '15%', 'https://iili.io/2kkAKla.jpg', 'https://iili.io/2kkAKla.md.jpg', 'Slim Fit Pants', '59.99', '80', '4.6', 'Pants', 'https://iili.io/2kkAKla.th.jpg', '4'), ('137', 'ClassicLook', 'Men', 'Comfortable chinos for a stylish day out.', '12%', 'https://iili.io/2kkABHv.jpg', 'https://iili.io/2kkABHv.md.jpg', 'Chino Pants', '49.99', '120', '4.4', 'Pants', 'https://iili.io/2kkABHv.th.jpg', '2'), ('138', 'ActiveWear', 'Men', 'Stretchable jogger pants for a sporty vibe.', '20%', 'https://iili.io/2kkACRR.jpg', 'https://iili.io/2kkACRR.md.jpg', 'Jogger Pants', '39.99', '100', '4.5', 'Pants', 'https://iili.io/2kkACRR.th.jpg', '4'), ('139', 'StreetVibe', 'Men', 'Relaxed-fit pants with a trendy urban style.', '10%', 'https://iili.io/2kkAnNp.jpg', 'https://iili.io/2kkAnNp.md.jpg', 'Relaxed Fit Pants', '59.99', '90', '4.7', 'Pants', 'https://iili.io/2kkAnNp.th.jpg', '2'), ('140', 'CityStyle', 'Men', 'Comfortable dress pants for office wear.', '15%', 'https://iili.io/2kkAoDN.jpg', 'https://iili.io/2kkAoDN.md.jpg', 'Office Dress Pants', '69.99', '70', '4.6', 'Pants', 'https://iili.io/2kkAoDN.th.jpg', '4'), ('141', 'CasualChic', 'Men', 'Stylish trousers for casual yet polished looks.', '8%', 'https://iili.io/2kkAIVt.jpg', 'https://iili.io/2kkAIVt.md.jpg', 'Stylish Trousers', '79.99', '110', '4.4', 'Pants', 'https://iili.io/2kkAIVt.th.jpg', '2'), ('142', 'ComfortFlex', 'Men', 'Pants designed with flexible fabric for maximum comfort.', '5%', 'https://iili.io/2kkATiX.jpg', 'https://iili.io/2kkATiX.md.jpg', 'Flex Comfort Pants', '49.99', '90', '4.3', 'Pants', 'https://iili.io/2kkATiX.th.jpg', '4'), ('143', 'StreetChic', 'Men', 'Modern streetwear pants with a unique cut and style.', '10%', 'https://iili.io/2kkAAfn.jpg', 'https://iili.io/2kkAAfn.md.jpg', 'Streetwear Pants', '69.99', '80', '4.6', 'Pants', 'https://iili.io/2kkAAfn.th.jpg', '2'), ('144', 'WorkWear', 'Men', 'Durable work pants for hard-working professionals.', '12%', 'https://iili.io/2kkARls.jpg', 'https://iili.io/2kkARls.md.jpg', 'Work Pants', '59.99', '100', '4.5', 'Pants', 'https://iili.io/2kkARls.th.jpg', '4'), ('145', 'StylishFit', 'Men', 'Fitted pants with a sleek look for casual events.', '10%', 'https://iili.io/2kkA5UG.jpg', 'https://iili.io/2kkA5UG.md.jpg', 'Fitted Casual Pants', '69.99', '60', '4.7', 'Pants', 'https://iili.io/2kkA5UG.th.jpg', '2'), ('146', 'ComfortMax', 'Men', 'Extra-comfortable lounge pants for relaxation.', '5%', 'https://iili.io/2kkAYJf.jpg', 'https://iili.io/2kkAYJf.md.jpg', 'Lounge Pants', '39.99', '120', '4.4', 'Pants', 'https://iili.io/2kkAYJf.th.jpg', '4'), ('147', 'ClassicFit', 'Men', 'Timeless fit pants for both formal and casual occasions.', '15%', 'https://iili.io/2kkAcOl.jpg', 'https://iili.io/2kkAcOl.md.jpg', 'Classic Fit Pants', '79.99', '80', '4.6', 'Pants', 'https://iili.io/2kkAcOl.th.jpg', '2'), ('148', 'OnTheGo', 'Men', 'Lightweight pants perfect for traveling or daily use.', '8%', 'https://iili.io/2kkAlb2.jpg', 'https://iili.io/2kkAlb2.md.jpg', 'Travel Pants', '59.99', '100', '4.5', 'Pants', 'https://iili.io/2kkAlb2.th.jpg', '4'), ('149', 'EssentialWear', 'Men', 'Easy-to-wear pants for a comfortable lifestyle.', '10%', 'https://iili.io/2kkA1xS.jpg', 'https://iili.io/2kkA1xS.md.jpg', 'Comfortable Pants', '49.99', '110', '4.4', 'Pants', 'https://iili.io/2kkA1xS.th.jpg', '2'), ('150', 'FitFlex', 'Men', 'Stretchable pants for active men who value comfort.', '15%', 'https://iili.io/2kkAEW7.jpg', 'https://iili.io/2kkAEW7.md.jpg', 'Stretch Active Pants', '69.99', '70', '4.7', 'Pants', 'https://iili.io/2kkAEW7.th.jpg', '4'), ('151', 'ComfyChic', 'Men', 'Comfy pants with a trendy style for casual wear.', '12%', 'https://iili.io/2kkAXUb.jpg', 'https://iili.io/2kkAXUb.md.jpg', 'Comfy Casual Pants', '49.99', '90', '4.5', 'Pants', 'https://iili.io/2kkAXUb.th.jpg', '2'), ('152', 'UrbanFit', 'Men', 'Stylish pants for men who want to stay on trend.', '10%', 'https://iili.io/2kkAjJj.jpg', 'https://iili.io/2kkAjJj.md.jpg', 'Urban Fit Pants', '79.99', '60', '4.6', 'Pants', 'https://iili.io/2kkAjJj.th.jpg', '4'), ('153', 'WorkReady', 'Men', 'Pants designed for work with a professional cut.', '8%', 'https://iili.io/2kkAw5x.jpg', 'https://iili.io/2kkAw5x.md.jpg', 'Professional Work Pants', '69.99', '100', '4.5', 'Pants', 'https://iili.io/2kkAw5x.th.jpg', '2'), ('154', 'SportyFit', 'Men', 'Sporty pants with an athletic feel and great flexibility.', '12%', 'https://iili.io/2kkAkzB.jpg', 'https://iili.io/2kkAkzB.md.jpg', 'Sporty Pants', '59.99', '80', '4.6', 'Pants', 'https://iili.io/2kkAkzB.th.jpg', '4'), ('155', 'CasualEase', 'Men', 'Casual pants designed for maximum comfort during leisure time.', '10%', 'https://iili.io/2kkAvWP.jpg', 'https://iili.io/2kkAvWP.md.jpg', 'Leisure Casual Pants', '49.99', '120', '4.4', 'Pants', 'https://iili.io/2kkAvWP.th.jpg', '2'), ('156', 'TailoredFit', 'Men', 'Tailored dress pants for formal occasions and business wear.', '15%', 'https://iili.io/2kkA8s1.jpg', 'https://iili.io/2kkA8s1.md.jpg', 'Tailored Dress Pants', '99.99', '70', '4.7', 'Pants', 'https://iili.io/2kkA8s1.th.jpg', '4'), ('157', 'ElegantWear', 'Men', 'Elegant pants for formal events and business meetings.', '10%', 'https://iili.io/2kkAUqF.jpg', 'https://iili.io/2kkAUqF.md.jpg', 'Elegant Business Pants', '79.99', '80', '4.6', 'Pants', 'https://iili.io/2kkAUqF.th.jpg', '2'), ('158', 'OutdoorFlex', 'Men', 'Durable pants for outdoor adventures and hiking.', '12%', 'https://iili.io/2kkArga.jpg', 'https://iili.io/2kkArga.md.jpg', 'Outdoor Hiking Pants', '59.99', '100', '4.5', 'Pants', 'https://iili.io/2kkArga.th.jpg', '4'), ('159', 'ActiveStyle', 'Men', 'Active wear pants perfect for workout and gym sessions.', '5%', 'https://iili.io/2kkA6dJ.jpg', 'https://iili.io/2kkA6dJ.md.jpg', 'Gym Pants', '39.99', '110', '4.4', 'Pants', 'https://iili.io/2kkA6dJ.th.jpg', '2'), ('160', 'FlexFit', 'Men', 'Flexible and breathable pants designed for active use.', '8%', 'https://iili.io/2kkAP5v.jpg', 'https://iili.io/2kkAP5v.md.jpg', 'Flexible Pants', '49.99', '90', '4.5', 'Pants', 'https://iili.io/2kkAP5v.th.jpg', '4'), ('161', 'StreetActive', 'Men', 'Active pants with a streetwear twist, perfect for workouts or casual wear.', '10%', 'https://iili.io/2kkAsbp.jpg', 'https://iili.io/2kkAsbp.md.jpg', 'Street Active Pants', '59.99', '100', '4.6', 'Pants', 'https://iili.io/2kkAsbp.th.jpg', '2'), ('162', 'ComfortFlex', 'Men', 'Soft and comfortable pants ideal for lounging or casual days.', '12%', 'https://iili.io/2kkAQzN.jpg', 'https://iili.io/2kkAQzN.md.jpg', 'Lounge Flex Pants', '49.99', '120', '4.4', 'Pants', 'https://iili.io/2kkAQzN.th.jpg', '4'), ('163', 'PerformanceFit', 'Men', 'High-performance pants for active men on the go.', '15%', 'https://iili.io/2kkAZXI.jpg', 'https://iili.io/2kkAZXI.md.jpg', 'Performance Pants', '79.99', '80', '4.7', 'Pants', 'https://iili.io/2kkAZXI.th.jpg', '2'), ('164', 'StylePlus', 'Men', 'Pants designed for the stylish man who wants comfort and performance.', '10%', 'https://iili.io/2kkAtst.jpg', 'https://iili.io/2kkAtst.md.jpg', 'Plus Fit Pants', '59.99', '100', '4.5', 'Pants', 'https://iili.io/2kkAtst.th.jpg', '4'), ('165', 'SportFlex', 'Men', 'Sporty and flexible pants for workout and fitness enthusiasts.', '12%', 'https://iili.io/2kkAm1n.jpg', 'https://iili.io/2kkAm1n.md.jpg', 'Sport Flex Pants', '69.99', '110', '4.6', 'Pants', 'https://iili.io/2kkAm1n.th.jpg', '2'), ('166', 'CasualFlex', 'Men', 'Comfortable and stylish pants for casual wear and leisure.', '8%', 'https://iili.io/2kkRH7f.jpg', 'https://iili.io/2kkRH7f.md.jpg', 'Casual Flex Pants', '49.99', '120', '4.4', 'Pants', 'https://iili.io/2kkRH7f.th.jpg', '4');
INSERT INTO "public"."users_table" ("user_id", "seller_request_status", "user_email_id", "user_name", "user_password", "user_profile_image_o", "user_profile_image_m", "user_profile_image_t", "user_role") VALUES ('1', 'APPROVED', 'admin1@mail.ocm', 'admin1', '$2a$12$rqvLP/3/ibMAVKbDCPEEMOx2fHF/f612RIx2MOjZC5r3qjoDTXDrm', 'https://iili.io/2UkHm3x.webp', 'https://iili.io/2UkHm3x.md.webp', 'https://iili.io/2UkHm3x.thu.webp', 'ADMIN'), ('2', 'APPROVED', 'seller2@mail.com', 'seller2', '$2a$12$1EyvrX1MpbrInDdK/EgZH.XYkhOEOTFNtPm8AXNKL.0MvfwCgw7PC', 'https://iili.io/2Uk2HLF.png', 'https://iili.io/2Uk2HLF.md.png', 'https://iili.io/2Uk2HLF.thu.png', 'SELLER'), ('3', 'APPROVED', 'user1@mail.com', 'user1', '$2a$12$hRQuHZWzAo79rkLJ4yFOoemyXFSwXu2FlTFLSqjwrdpNOqQux82r6', 'https://iili.io/2Uk2HLF.png', 'https://iili.io/2Uk2HLF.md.png', 'https://iili.io/2Uk2HLF.thu.png', 'USER'), ('4', 'APPROVED', 'seller1@mail.com', 'seller1', '$2a$12$lUpma65PtsBujH6s5A5Ic.uWxMZ4Xtld8hsYTGzTHoPnt/hHjagPW', 'https://iili.io/2Uk2HLF.png', 'https://iili.io/2Uk2HLF.md.png', 'https://iili.io/2Uk2HLF.thu.png', 'SELLER');
INSERT INTO "public"."ads_table" ("ad_id", "ad_image_o", "ad_image_m", "ad_image_t", "ad_type", "product_id") VALUES ('1', 'https://iili.io/2Sn5XYx.png', 'https://iili.io/2Sn5XYx.md.png', 'https://iili.io/2Sn5XYx.th.png', 'MAIN_SWIPER', '1'), ('2', 'https://iili.io/2SnV35F.png', 'https://iili.io/2SnV35F.md.png', 'https://iili.io/2SnV35F.th.png', 'MAIN_SWIPER', '2');